{
    "loss": 0.3364245891571045,
    "accuracy": 0.9305019378662109
}