{
    "loss": 0.8485321998596191,
    "accuracy": 0.8725868463516235
}